,last_name
0,Stud
1,Francesch
2,Mason
3,Grinin
4,Vittle
5,Nurcombe
6,Bartholomaus
7,Dittson
8,McGrill
9,Gwinnell
10,Carine
11,Ewings
12,Ambrosoni
13,Keggins
14,Plak
15,Upstone
16,MacGlory
17,Gason
18,Abdon
19,Please
20,Leggitt
21,Boshell
22,Elby
23,Kershow
24,Gribbins
25,McAlindon
26,Paradin
27,Maydway
28,Rogans
29,Edwicke
30,Meneux
31,Keysall
32,Casaccio
33,Strete
34,Sarah
35,Saulter
36,Jellico
37,Codi
38,Trimming
39,Bewly
40,Ravenscroft
41,Bouchard
42,Lasselle
43,Huggons
44,Dolley
45,Priddle
46,Eppson
47,Sturton
48,Bloomfield
49,Rake
50,McLelland
51,Griffey
52,Gianninotti
53,Pedlar
54,Kincla
55,Pendleberry
56,Vaud
57,Wieprecht
58,Colleer
59,Kulicke
60,Truse
61,Bayliss
62,Matzke
63,Penlington
64,Brayley
65,Carberry
66,Spinney
67,Wheowall
68,Darmody
69,Cullum
70,Scragg
71,Wearn
72,Quene
73,Farnaby
74,Prangle
75,Ludwig
76,Diggell
77,Atwell
78,Keems
79,Dyer
80,Skilling
81,Pantecost
82,Daintrey
83,Loveguard
84,Lehrer
85,Bacop
86,Locker
87,Sturch
88,Joesbury
89,Deely
90,Picken
91,Handrahan
92,Lethby
93,Gulleford
94,Blogg
95,Brownbill
96,Beagrie
97,Allnutt
98,Beneix
99,Jime
100,Dillon
101,Grice
102,Feavyour
103,Swatridge
104,Wait
105,Samsin
106,Haggata
107,Scally
108,Thunnercliffe
109,Cockshott
110,Spurdens
111,Cox
112,Hayball
113,Gribble
114,Burgisi
115,Tribe
116,Pavett
117,Moresby
118,Crookshanks
119,Easter
120,Cradey
121,Harriday
122,Marklin
123,Tompkiss
124,McVey
125,Caseri
126,Radborne
127,Durrell
128,Olivey
129,Keaveney
130,Posselwhite
131,Schruurs
132,Gouldeby
133,Petrenko
134,Petley
135,Edgars
136,Domange
137,Gonnely
138,Crannis
139,Culp
140,Manthorpe
141,Goody
142,Sex
143,Duffin
144,Riddick
145,Stretton
146,Winkett
147,Fearn
148,Druery
149,Peracco
150,Pyle
151,Jancey
152,Reedick
153,Rymmer
154,Housley
155,Wybron
156,Grzeskowski
157,Osmund
158,Karolovsky
159,Barnsdall
160,Bushnell
161,Puig
162,Horsley
163,Hardwick
164,Elderkin
165,Selcraig
166,Wyness
167,Duigan
168,Kempe
169,Oger
170,Arangy
171,Glisenan
172,Lehrer
173,Echalier
174,Yakolev
175,Mincher
176,Boleyn
177,Candlin
178,Toward
179,Covell
180,Killiam
181,Cowherd
182,Habbergham
183,Coenraets
184,Hymor
185,Dottrell
186,Meah
187,Penhallurick
188,Berriman
189,Pettengell
190,McGoldrick
191,Janway
192,Stockall
193,Whordley
194,Muzzillo
195,Cremins
196,Joutapavicius
197,Stocker
198,Growcock
199,Benyon
200,Caulcutt
201,Peasby
202,Kingston
203,Teall
204,Islip
205,Crippen
206,Coultard
207,Popley
208,Zemler
209,Slark
210,Bremen
211,Lamyman
212,Beert
213,Banton
214,Eberst
215,Schoular
216,Serridge
217,Elie
218,Kmicicki
219,Rembrandt
220,Pobjay
221,Abdie
222,Kenan
223,Buttrey
224,Otteridge
225,Piddlehinton
226,Figge
227,Brighouse
228,Gieraths
229,Blakelock
230,Korb
231,Dulanty
232,Murname
233,Hadwick
234,Cure
235,Lintot
236,McElwee
237,Torritti
238,Gilhoolie
239,Maidstone
240,Fairhall
241,Krook
242,Shilvock
243,Brolan
244,Older
245,Glanvill
246,Gelardi
247,Marians
248,Pernell
249,Hammerberg
250,Mussalli
251,Corrigan
252,Labb
253,Longmaid
254,Prew
255,Wooffitt
256,Hedan
257,Mitton
258,Goulder
259,Deinhardt
260,Tynemouth
261,Matussow
262,Keitley
263,Hasloch
264,O'Reagan
265,Cuttings
266,Pimblott
267,Imesson
268,Doleman
269,Hay
270,Aubury
271,Surmeyers
272,Cardo
273,Fitzroy
274,Godard
275,Hamill
276,Wallbutton
277,Magner
278,Kidston
279,Choke
280,Ksandra
281,Tyght
282,Ventom
283,Ingarfield
284,Spurier
285,Rudledge
286,Roddick
287,Gadaud
288,Wall
289,Danilewicz
290,Capel
291,Hayton
292,Coppledike
293,Huban
294,Eyeington
295,Warbrick
296,Vince
297,Cudbertson
298,Grimsdell
299,Daudray
300,Di Napoli
301,Venny
302,Fayter
303,Rossbrook
304,Bandey
305,Ventom
306,Scanlin
307,Goldin
308,Coker
309,Barradell
310,Lummis
311,Brain
312,MacMaster
313,Sulley
314,Belbin
315,Roth
316,Aughton
317,Reijmers
318,Muggach
319,Manuele
320,Prestney
321,Bootherstone
322,Gallehawk
323,Brende
324,Workes
325,Spurriar
326,Matthew
327,Hedin
328,Maben
329,MacKniely
330,Galier
331,Prantoni
332,Shaddick
333,Domange
334,Carmen
335,Willcott
336,Gazey
337,Absolem
338,Husset
339,Pyrke
340,Shallo
341,Iacobo
342,Merwe
343,Thoms
344,Count
345,Pashley
346,Myrkus
347,Grishenkov
348,Creer
349,Izkovitz
350,Giorgeschi
351,Caldero
352,Scoular
353,Ludmann
354,Fryer
355,Mace
356,Gerger
357,Pennycord
358,Holt
359,Fiorentino
360,Frondt
361,Kiddy
362,Croxford
363,Dhillon
364,Glowinski
365,Bleasdille
366,Lucius
367,Degue
368,Heinemann
369,Chaman
370,Blackesland
371,Erbain
372,Passfield
373,Henrych
374,Whitter
375,Barbara
376,Bridel
377,Gurden
378,Van der Spohr
379,Adamsson
380,Ginnaly
381,Grevel
382,Windus
383,Mountjoy
384,Bantham
385,Godly
386,Franssen
387,Algie
388,Penquet
389,O'Concannon
390,Newbury
391,Sicely
392,Tarquini
393,Bruce
394,Blown
395,Glencros
396,Conyers
397,Rehme
398,Henderson
399,Kienlein
400,Beetham
401,MacGilfoyle
402,Matteris
403,Tumilson
404,Lorkings
405,Dacey
406,Langelaan
407,Fideler
408,McClinton
409,Johannesson
410,Throughton
411,Gyse
412,Clarey
413,Aleksic
414,Gibling
415,Egan
416,Tompsett
417,Markham
418,Goldsworthy
419,Patrick
420,Kennion
421,Kullmann
422,Yurkevich
423,Oxbrow
424,Newvell
425,Alston
426,Enevoldsen
427,Goundrill
428,Shillingford
429,Pedron
430,Petrak
431,Seilmann
432,Bromehed
433,Whistlecraft
434,Darton
435,Casley
436,Bampfield
437,Karp
438,Good
439,Laver
440,Gilchriest
441,Melbourne
442,Starzaker
443,Deveraux
444,Hankey
445,Wiz
446,Beynke
447,Minghi
448,Longo
449,Shakeshaft
450,Eyles
451,Frigout
452,Dibden
453,Paxforde
454,Tollerfield
455,Dartnell
456,Galiford
457,Redding
458,Brettell
459,Straun
460,Wythill
461,Deverille
462,Loughney
463,Scrimshire
464,McCluney
465,Purrington
466,Phonix
467,Laweles
468,Cruwys
469,Sacchetti
470,Cockerill
471,M'Quharg
472,Fernley
473,Philbin
474,Gors
475,Bettison
476,Bambrugh
477,Glynn
478,Zuker
479,Elldred
480,Berryann
481,Mapletoft
482,Beare
483,Barbary
484,Cowderoy
485,Ferrey
486,Lefeuvre
487,Muckle
488,Sallter
489,Cogley
490,McKeggie
491,Woodcroft
492,Gillions
493,Felkin
494,Bourges
495,Eskell
496,Mainston
497,Gero
498,Bartolini
499,Trumble
500,Tommasetti
501,Tant
502,Gillmor
503,Polack
504,Wheaton
505,Pickerell
506,Dye
507,Wedlake
508,Sedgefield
509,Yerrill
510,Gardner
511,Dewberry
512,Molloy
513,Hydes
514,Venart
515,Cogdon
516,Camilleri
517,Shugg
518,Dummett
519,Bolf
520,Matyushenko
521,Lundberg
522,Davenall
523,Ernshaw
524,Laxe
525,Kornyakov
526,Geldeford
527,Ramas
528,Shufflebotham
529,Braddick
530,Subhan
531,Digance
532,Evitts
533,McColgan
534,Petroff
535,Mitchel
536,McGowan
537,Gettins
538,Unthank
539,Nendick
540,Elders
541,Koppens
542,Audiss
543,Tant
544,Yetton
545,Arrol
546,Wernher
547,Schroder
548,Caple
549,Cripin
550,Joye
551,Everleigh
552,Whickman
553,Rodgman
554,Petti
555,Toulmin
556,Meany
557,Jakeman
558,Martyn
559,Philipart
560,McIndrew
561,Cowin
562,Soeiro
563,Pauley
564,Cauley
565,Ibarra
566,Orpyne
567,Thurstan
568,Strodder
569,Iseton
570,Butten
571,Isard
572,Basindale
573,Ebbitt
574,Bridden
575,Saltern
576,Bichard
577,Buddles
578,Duffield
579,Vosse
580,McGrill
581,Bichener
582,Rihosek
583,Booker
584,Hub
585,Guillart
586,Gadesby
587,Broszkiewicz
588,Rubinsztein
589,Siemianowicz
590,Olesen
591,Vasyutkin
592,Verdon
593,Delafont
594,Leas
595,Draysey
596,Rome
597,Hackworth
598,Matthaus
599,Slopier
600,Euels
601,Rutherfoord
602,Konke
603,Allebone
604,Legat
605,Batalle
606,Lindblad
607,Everett
608,Murfett
609,Franzolini
610,Brumwell
611,Pugh
612,Alasdair
613,Claire
614,Darragh
615,Isham
616,Have
617,Gilchrist
618,Dymoke
619,Silcocks
620,Gon
621,Childrens
622,Orans
623,Kale
624,Klemensiewicz
625,Tyre
626,McDougall
627,Woodrooffe
628,Murkus
629,Brando
630,Gentile
631,Quinton
632,McGeffen
633,Unitt
634,Olivetta
635,Brachell
636,Ruddoch
637,Panswick
638,Edlington
639,Ohrt
640,Babonau
641,Mebius
642,Varnham
643,Nijssen
644,Manon
645,Pechet
646,Portriss
647,Trowsdale
648,Staveley
649,Mazin
650,Sparke
651,Kurton
652,Tallach
653,Dudny
654,Stickells
655,Fowkes
656,Kimm
657,Overnell
658,Giannazzo
659,Paulley
660,Hatz
661,Dellar
662,Lathwood
663,Larne
664,Ping
665,Lyenyng
666,Kroon
667,Lile
668,Farrer
669,Bonnette
670,Attwell
671,Standbrook
672,Daniaud
673,Wagner
674,Liggens
675,Buttner
676,Fellgatt
677,Spincks
678,Coolson
679,McIlwaine
680,Ilyenko
681,Bracknell
682,Hebdon
683,Normant
684,Roycroft
685,Gaspar
686,Philippou
687,Bettis
688,Freke
689,McCarney
690,Milazzo
691,Yousef
692,Amys
693,Foister
694,Doddridge
695,Gaffer
696,Jacop
697,MacAdam
698,Flory
699,Petel
700,Towersey
701,Sturte
702,Witty
703,Klulik
704,Sarsfield
705,Cino
706,Clarycott
707,Fauguel
708,Flament
709,Rosgen
710,Brownscombe
711,Hinemoor
712,Kirstein
713,Tschirasche
714,Dobbison
715,Ruscoe
716,Koschek
717,Witherow
718,Odde
719,Handyside
720,Forestall
721,Waples
722,Dutchburn
723,Paschke
724,Crockley
725,Aysik
726,Tingly
727,Sugden
728,Crohan
729,Devlin
730,Colt
731,Sallowaye
732,Stoner
733,Cattenach
734,Castiblanco
735,Feighney
736,Favela
737,Chasemoore
738,Gilston
739,Nucator
740,Elliston
741,Ruoss
742,Mortel
743,Nortcliffe
744,Manske
745,Tussaine
746,Girvin
747,Stoate
748,Coggles
749,Wix
750,Sends
751,Pane
752,O'Keefe
753,Klugman
754,Scartifield
755,Mews
756,Tilbey
757,Chishull
758,Caudell
759,Frankcom
760,Castellaccio
761,Blenkinship
762,Stuffins
763,Flockhart
764,Mazin
765,Durham
766,Brisbane
767,Francey
768,Proschke
769,Durston
770,Greenwood
771,Hurles
772,Courtois
773,Burridge
774,Wharby
775,Brodley
776,Binnie
777,Fuchs
778,Broadey
779,Wey
780,Cominetti
781,Muncey
782,Coombes
783,Bowen
784,Fautly
785,MacSweeney
786,Di Biagio
787,McKue
788,Fehely
789,Pettit
790,Ivanuschka
791,Erni
792,Domingues
793,Boow
794,Shavel
795,Lusher
796,Meany
797,Forth
798,Philbrick
799,Spybey
800,Spreckley
801,Oakland
802,Gorsse
803,Wickendon
804,Dollman
805,Lapides
806,De Lasci
807,Puddle
808,McGonagle
809,Melloi
810,Mc Caughen
811,Fleury
812,Yushkin
813,Elcom
814,Jiru
815,Conachy
816,Learoid
817,Oughtright
818,Burmaster
819,Schutter
820,Instock
821,Cyster
822,Escritt
823,Sambell
824,Pharro
825,Dunbar
826,Guyot
827,Yong
828,Ince
829,Tremouille
830,Gut
831,Fallis
832,Thoresby
833,Sallan
834,Rawling
835,Ashbrook
836,Langwade
837,Edland
838,Eggleston
839,Croasdale
840,Cathrall
841,Radloff
842,Fine
843,Orth
844,Neachell
845,Caldow
846,Lomax
847,Kolodziejski
848,Duddle
849,McNair
850,Kasman
851,Samsin
852,Melley
853,Willoughby
854,Fernie
855,Brazier
856,Brotherheed
857,Vidineev
858,Letertre
859,Tottie
860,Hiland
861,Jerrim
862,Bumpus
863,Brownsall
864,Eilhermann
865,Dederick
866,Gianotti
867,Wrench
868,Counsell
869,Gass
870,Thebes
871,Flacknell
872,Giovanardi
873,Wheatley
874,Dunnett
875,Lebel
876,Sappson
877,Faughey
878,Strathearn
879,Donlon
880,Chuter
881,Argente
882,Ison
883,Petegre
884,Abley
885,Sentance
886,Duval
887,Readman
888,Rapaport
889,Pic
890,Belward
891,Caccavella
892,Sumshon
893,Randall
894,Snape
895,Lehr
896,Ebbers
897,Blinco
898,Goodyear
899,Aitkin
900,Littrell
901,Killoran
902,Jedrzejkiewicz
903,Molloy
904,Ugolotti
905,Bowdidge
906,Aucock
907,Coultar
908,Samett
909,Corhard
910,Sommerton
911,Callinan
912,Scothron
913,Lindenbaum
914,Spurett
915,Moynham
916,Proppers
917,Guido
918,Teal
919,Yves
920,Shark
921,Guisby
922,Farries
923,Woolner
924,Blackburn
925,Sabathier
926,Ferreiro
927,Vauter
928,Yakob
929,Borthram
930,Estick
931,Neave
932,Ayree
933,Tebald
934,Jenkinson
935,Robe
936,Davidovich
937,Falla
938,Waison
939,Farraway
940,Noni
941,Quibell
942,Close
943,Blomefield
944,L' Estrange
945,Strond
946,Brende
947,Jowling
948,Pamplin
949,Coffin
950,Pugh
951,Garfield
952,McBay
953,Nuschke
954,Garner
955,Maxwale
956,Lister
957,Plows
958,Jenteau
959,Nossent
960,Alsop
961,Derington
962,Poyzer
963,Demeter
964,Elmer
965,Pashe
966,Follacaro
967,Stock
968,Glander
969,Feaviour
970,Guirardin
971,Henrys
972,Shuard
973,Whillock
974,Pickrill
975,Meneo
976,Pullar
977,Lidgerton
978,Gorry
979,Spears
980,Achromov
981,Abley
982,Hindsberg
983,Stanluck
984,Coltart
985,Ferrarini
986,De Atta
987,Goudard
988,Phippard
989,Cockren
990,Sleicht
991,M'Quharg
992,Jakubowicz
993,Willas
994,Parlot
995,Chettle
996,Schwandermann
997,O'Brien
998,Hamlin
999,Stearns
