,first_name
2,Drud
4,Alair
7,Sloane
8,Herc
9,Hazlett
11,Curcio
14,Dur
15,Bertram
18,Shannon
20,Sayre
21,Falito
22,Rodolfo
27,Briant
30,Brodie
32,Pall
34,Pavlov
38,Zebulon
40,Bendix
42,Barris
43,Thom
45,Ario
46,Garrik
47,Zacharie
51,Werner
54,Quincey
56,Thaddus
57,Donny
59,Carroll
63,Dex
64,Gayle
65,Dillie
66,Feodor
67,Ches
71,Gunner
72,Chris
73,Aylmar
74,Durward
75,Ozzie
76,Rainer
78,Hollis
80,Brantley
84,Cece
85,Norrie
87,Theo
89,Hy
90,Nataniel
92,Normie
94,Cchaddie
96,Gallagher
98,Evelin
99,Theodor
101,Addie
102,Moishe
103,Paquito
105,Olvan
106,Auberon
107,Paxon
108,Ariel
113,Emilio
114,Willem
115,Murdock
119,Jodie
120,Lonnie
127,Chas
128,Finn
130,Haroun
131,Galen
132,Travers
134,Jan
137,Stern
143,Chancey
148,Burtie
154,Nico
155,Neddy
156,Aleksandr
159,Frederigo
161,Sheppard
163,Hadleigh
171,Shannan
172,Zackariah
174,Karlens
178,Teodoro
182,Whittaker
185,Rikki
189,Moritz
190,Elia
191,Poul
192,Ramsay
193,Allie
194,Ogdan
195,Elliott
197,Minor
198,Mervin
199,Fulton
200,Victoir
206,Onofredo
208,Sandor
209,Erik
212,Clerkclaude
215,Kendell
216,Hieronymus
223,Nolly
224,Benedict
226,Dewitt
228,Alonso
229,Nealy
231,Ly
238,Roth
239,Ogdan
240,Gideon
242,Tan
248,Way
250,Vern
251,Jeremy
252,Mata
253,Rourke
254,Vick
256,Terence
257,Ramsey
260,Winn
263,Abbey
265,Jens
267,Ruben
268,Chauncey
272,Burr
274,Sergei
275,Clay
276,Sinclair
278,Der
280,Brent
283,Ignacius
284,Gustav
288,Padget
289,Sunny
290,Al
293,Emilio
295,Yvor
299,Irving
301,Rodger
305,Haven
306,Olin
314,Nickola
315,Theodor
317,Esme
319,Bryan
323,Aurthur
327,Onofredo
328,Gualterio
330,Yves
333,Niel
335,Robin
337,Kristoforo
342,Wyn
343,Aguistin
344,Sinclare
346,Mendel
347,Marco
357,Colet
359,Isaak
361,Griff
362,Jacky
364,Sammie
365,Adham
369,Beale
371,Wiatt
373,Red
376,Linc
378,Packston
379,Ganny
380,Cordie
384,Yves
389,Lonny
392,Abbie
393,Farrell
394,Piotr
397,Alphonso
401,Irving
403,Sargent
407,Thorndike
409,Kendricks
410,Hermon
411,Obidiah
420,Scott
422,Todd
423,Philip
425,Maurise
428,Lyell
430,Emanuele
431,Wylie
432,Bradney
442,Arnuad
445,Ade
449,Zebulon
450,Melvin
452,Ted
453,Aguste
455,Riordan
456,Amery
457,Fairfax
458,Travis
461,Sherm
463,Enos
466,Willey
467,Kipper
471,Nero
472,Devlin
473,Earlie
477,Jay
480,Kim
482,Jacques
483,Byrann
485,De witt
487,Joshia
490,Manny
492,Emanuele
493,Ave
494,Eziechiele
497,Sollie
498,Granger
499,Cris
504,Rutledge
510,Benji
511,Yvon
512,Vince
516,Hadley
517,Galen
519,Guillermo
527,Erl
529,Boycie
530,Artemas
531,Ali
535,Bancroft
538,Bat
541,Noam
542,Dalston
543,Benton
544,Max
545,Thoma
546,Pebrook
547,Gannon
548,Garwin
550,Haywood
551,Grady
554,Joshuah
557,Franklin
558,Terrance
562,Elroy
565,Flint
566,Denis
569,Leonerd
570,Kennith
571,Skippie
572,Alain
573,Carr
576,Martyn
577,Adham
580,Hermie
581,Valentijn
582,Mattheus
583,Willy
584,Abram
587,Laurens
588,Cullan
589,Lefty
590,Ludovico
591,Quinlan
593,Broderic
595,Isador
596,Nolly
598,Niki
602,Tirrell
609,Karl
610,Mal
612,Bradly
613,Erasmus
615,Bart
617,Roy
618,Inigo
619,Aron
620,Sollie
622,Uriah
624,Reggy
628,Cece
629,Johnny
632,Solomon
635,Page
640,Hamish
641,Alaric
648,Aluin
649,Kendrick
652,Cheston
655,Issiah
659,Vanya
663,Ezra
664,Marsh
665,Bruce
667,Humberto
670,Henderson
671,Chilton
673,Rudy
674,Rudie
675,Tally
677,Augy
679,Lawton
680,Miner
683,Leeland
686,Rory
689,Stirling
693,Chrisy
697,Porter
698,Olenolin
703,Fairfax
704,Cassius
706,Rolfe
707,Patrizius
708,Engelbert
713,Noland
714,Kellby
715,Ram
716,Jamil
718,Stanfield
722,Harper
726,Rock
736,Lowe
740,Pacorro
741,Sig
743,Cosimo
744,Mitch
745,Herby
746,Giselbert
748,Axe
749,Darill
751,Malchy
752,Cesaro
753,Barney
754,Boote
757,Leif
758,Filbert
759,Bernie
760,Barthel
762,Baldwin
771,Christoper
774,Yvon
779,Hal
780,Trever
781,Ingra
782,Nickolai
783,Cyril
785,Read
788,Remington
789,Goraud
792,Moises
793,Curtice
797,Agustin
798,Kennith
799,Skippy
801,Bentlee
802,Keelby
804,Paco
807,Lyman
809,Ethan
811,Seth
814,Chase
818,Godfry
820,Gawain
821,Leicester
822,Hayward
825,Nial
828,Stanleigh
831,Sargent
834,Giovanni
835,Cad
836,Erich
838,Linc
842,Marcus
843,Curtis
844,Merrel
847,Sebastien
850,Laird
851,Sigfried
854,Hammad
856,Dorey
857,Randal
858,D'arcy
862,Rustin
863,Barnie
865,Alexis
866,Richard
869,Gerik
872,Nevins
873,Creigh
874,Joaquin
876,Aldon
877,Wood
878,Renard
879,Shurlock
882,Sandro
885,Alvy
887,Wesley
890,Quinn
891,Josiah
892,Hill
895,Frankie
896,Cortie
897,Lombard
899,Allin
901,Delbert
906,Brett
909,Darn
910,Biron
911,Archibald
912,Bealle
913,Selig
915,Iain
917,Tab
921,Jess
922,Jecho
923,Garreth
925,Worden
926,Rollin
928,Bryan
933,Rodrigo
934,Ivan
935,Martino
936,Kermy
938,Clark
940,Mace
941,Valentine
955,Konrad
956,Thibaud
957,Zacharie
960,Lucas
962,Neddy
965,Cesare
967,Pietrek
968,Brent
969,Alaster
973,Putnam
974,Walther
975,Symon
976,Donnell
979,Paten
981,Emanuel
987,Sylas
992,Raimundo
994,Tomlin
995,Enrique
998,Lorenzo
